Model,Iterations,IP in Omega,IP on boundary,Beta,Grid size,MAE,L2 relative error,H1 relative error
res,iter20k,10000,2500,500,100,0.00297,0.00671,0.84928
fwd,iter20k,10000,2500,500,100,0.00430,0.00886,0.84929
res,iter20k,100,75,500,100,0.00533,0.01232,0.84930
res,iter20k,10000,2500,10000,100,0.03089,0.08576,0.85048
res,iter20k,100,75,10000,100,0.04454,0.12962,0.85203
